{
  "project_info": {
    "project_number": "1067499931526",
    "project_id": "asliproje",
    "storage_bucket": "asliproje.firebasestorage.app"
  },
  "client": [
    {
      "client_info": {
        "mobilesdk_app_id": "1:1067499931526:android:7e188dfa2dfb35e4b74e07",
        "android_client_info": {
          "package_name": "com.example.asliproje"
        }
      },
      "oauth_client": [],
      "api_key": [
        {
          "current_key": "AIzaSyDpEWdwQmnPR8oFUzrsYyOEAuK1MC9EP20"
        }
      ],
      "services": {
        "appinvite_service": {
          "other_platform_oauth_client": []
        }
      }
    }
  ],
  "configuration_version": "1"
}